name,breeds
afador,"['afghan hound', 'labrador retriever']"
afaird,"['afghan hound', 'briard']"
affen spaniel,"['affenpinscher', 'cocker spaniel']"
affen border terrier,"['affenpinscher', 'border terrier']"
affen tzu,"['affenpinscher', 'shih tzu']"
affenchon,"['affenpinscher', 'bichon frise']"
affengriffon,"['affenpinscher', 'brussels griffon']"
affenhuahua,"['affenpinscher', 'chihuahua']"
affenpoo,"['affenpinscher', 'poodle']"
affenpug,"['affenpinscher', 'pug']"
affenshire,"['affenpinscher', 'yorkshire terrier']"
affenwich,"['affenpinscher', 'norwich terrier']"
afghan bay retriever,"['afghan', 'chesapeake bay retriever']"
afghan chon,"['afghan hound', 'bichon frise']"
afghan collie,"['afghan hound', 'border collie']"
afghan retriever,"['afghan hound', 'golden retriever']"
afghan sheepdog,"['afghan hound', 'belgian shepherd']"
afghan spaniel,"['afghan hound', 'cocker spaniel']"
afollie,"['afghan hound', 'collie']"
african-american bull boerboel,"['boerboel', 'american bulldog']"
airedale shepherd,"['airedale terrier', 'german shepherd']"
airedoodle,"['airedale terrier', 'poodle']"
akbash pyrenees,"['akbash dog', 'great pyrenees']"
akbash rottie,"['akbash dog', 'rottweiler']"
aki-poo,"['akita', 'poodle']"
akita basset,"['akita', 'basset hound']"
akita bernard,"['akita', 'saint bernard']"
akita chow,"['akita', 'chow chow']"
akita pit,"['akita', 'pit bull terrier']"
akita shepherd,"['akita', 'german shepherd']"
akitamatian,"['akita', 'dalmatian']"
alaskan goldenmute,"['alaskan malamute', 'golden retriever']"
alaskan husky shepherd,"['alaskan husky', 'german shepherd']"
alaskan irish setsky,"['alaskan husky', 'irish setter']"
alaskan malador,"['alaskan malamute', 'labrador retriever']"
alaskan pit bull,"['alaskan malamute', 'pit bull terrier']"
alaskan shepherd,"['alaskan malamute', 'german shepherd']"
alaskan weimsky,"['weimaraner', 'alaskan husky']"
alusky,"['alaskan malamute', 'siberian husky']"
american bandogge,"['american bulldog', 'mastiff']"
american boston bull terrier,"['american pit bull terrier', 'boston terrier']"
american boxer foxhound,"['american foxhound', 'boxer']"
american bull-aussie,"['american bulldog', 'australian shepherd']"
american bull dogue de bordeaux,"['american bulldog', 'dogue de bordeaux']"
american bull-jack,"['american bulldog', 'jack russell']"
american bull pei,"['american bulldog', 'shar pei']"
american bull staffy,"['american bulldog', 'american staffordshire terrier']"
american bullador,"['labrador retriever', 'american bulldog']"
american bulldog shepherd,"['american bulldog', 'german shepherd']"
american bullhuahua,"['american bulldog', 'chihuahua']"
american bullweiler,"['american bulldog', 'rottweiler']"
american bull dane,"['american bulldog', 'great dane']"
american bully staffy bull terrier,"['american bulldog', 'staffordshire bull terrier']"
american chow bulldog,"['american bulldog', 'chow chow']"
american eagle dog,"['american eskimo', 'beagle']"
american foxeagle,"['american foxhound', 'beagle']"
american foxy dane,"['american foxhound', 'great dane']"
american french bull terrier,"['american pit bull terrier', 'french bulldog']"
american french bulldog,"['american bulldog', 'french bulldog']"
american gointer,"['english pointer', 'golden retriever']"
american hairless min pin,"['american hairless terrier', 'miniature pinscher']"
american lab foxhound,"['american foxhound', 'labrador retriever']"
american masti-bull,"['american bulldog', 'mastiff']"
american neo bull,"['american bulldog', 'neapolitan mastiff']"
american pit corso,"['american pit bull terrier', 'cane corso']"
american pugabull,"['american bulldog', 'pug']"
american rat pinscher,"['american rat terrier', 'miniature pinscher']"
american staffy bullmastiff,"['american staffordshire terrier', 'bullmastiff']"
amstiff,"['american stafforshire terrier', 'mastiff']"
anatolian pyrenees,"['anatolian shepherd', 'great pyrenees']"
ausahoula,"['australian shepherd', 'louisiana catahoula leopard dog']"
ausky,"['australian cattle dog', 'siberian husky']"
auss-tzu,"['miniature australian shepherd', 'shih tzu']"
aussalier,"['australian shepherd', 'cavalier king charles spaniel']"
aussie brittany,"['australian shepherd', 'brittany']"
aussie-chi,"['australian shepherd', 'chihuahua']"
aussie collie,"['australian shepherd', 'collie']"
aussie-flat,"['australian shepherd', 'flat-coated retriever']"
aussie jack,"['australian shepherd', 'jack russell terrier']"
aussie malamute,"['australian shepherd', 'alaskan malamute']"
aussie newfie,"['australian shepherd', 'newfoundland']"
aussie rottie,"['australian shepherd', 'rottweiler']"
aussie shiba,"['australian shepherd', 'shiba inu']"
aussie siberian,"['australian shepherd', 'siberian husky']"
aussie silk terrier,"['australian terrier', 'silky terrier']"
aussie springer,"['australian shepherd', 'the english springer spaniel']"
aussie wheaten,"['australian shepherd', 'soft coated wheaten terrier']"
aussietare,"['australian shepherd', 'bull terrier']"
aussiedoodle,"['australian shepherd', 'poodle']"
aussiedor,"['labrador', 'australian shepherd']"
aussimo,"['australian cattle dog', 'american eskimo dog']"
australian boxherd,"['australian shepherd', 'boxer']"
australian eskimo,"['american eskimo', 'australian shepherd']"
australian retriever,"['australian shepherd', 'golden retriever']"
australian yorkshire terrier,"['australian terrier', 'yorkshire terrier']"
azawakh borzoi,"['azawakh hound', 'borzoi']"
ba-shar,"['basset hound', 'shar-pei']"
bagle hound,"['basset hound', 'beagle']"
balonkatese,"['maltese', 'russkaya tsvetnaya bolonka']"
bascottie,"['basset hound', 'scottish terrier']"
baseagle,"['basenji', 'beagle']"
basenji pit,"['basenji', 'american pit bull terrier']"
baskimo,"['american eskimo', 'basset hound']"
bassador,"['basset hound', 'labrador retriever']"
basschshund,"['basset hound', 'dachshund']"
basselier,"['cavalier king charles spaniel', 'basset hound']"
basset bluetick,"['basset hound', 'bluetick coonhound']"
basset bordeaux,"['basset hound', 'dogue de bordeaux']"
basset foxhound,"['basset hound', 'foxhound']"
basset heeler,"['basset hound', 'blue heeler']"
basset jack,"['basset hound', 'jack russell terrier']"
basset retriever,"['basset hound', 'golden retriever']"
basset shepherd,"['basset hound', 'german shepherd']"
bassetoodle,"['basset hound', 'poodle']"
bassky,"['basset hound', 'siberian husky']"
bassmatian,"['basset hound', 'dalmatian']"
basston,"['basset hound', 'boston terrier']"
bassugg,"['basset hound', 'pug']"
bd terrier,"['american bulldog', 'bull terrier']"
be-apso,"['beagle', 'lhasa apso']"
bea griffon,"['beagle', 'brussels griffon']"
bea-tzu,"['beagle', 'shih tzu']"
beabull,"['beagle', 'bulldog']"
beacol,"['beagle', 'bearded collie']"
beagleman,"['beagle', 'doberman pinscher']"
beaglemation,"['beagle', 'dalmatian']"
beagle chin,"['beagle', 'japanese chin']"
beagle heeler,"['beagle', 'australian cattle dog']"
beagle pit,"['beagle', 'pit bull']"
beagle point,"['beagle', 'pointer']"
beagle sheltie,"['beagle', 'shetland sheepdog']"
beagle shepherd,"['beagle', 'german shepherd']"
beaglier,"['beagle', 'cavalier king charles']"
beaglolo,"['beagle', 'bolognese']"
beago,"['beagle', 'golden retriever']"
beardoodle,"['bearded collie', 'poodle']"
beaski,"['beagle', 'siberian husky']"
beauceroodle,"['beauceron', 'poodle']"
bebasset bordeaux,"['beagle', 'basset hound', 'dogue de bordeaux']"
bedlington whippet,"['bedlington terrier', 'whippet']"
belgian shepadoodle,"['belgian shepherd', 'poodle']"
belusky,"['belgian malinois', 'siberian husky']"
bernedoodle,"['bernese mountain dog', 'poodle']"
bernefie,"['bernese mountain dog', 'newfoundland  pronounced burn-ah-fee']"
berner chow,"['bernese mountain dog', 'chow chow']"
berner dane,"['great dane', 'bernese mountain dog']"
bernese cattle dog,"['bernese mountain dog', 'australian cattle dog']"
bernese rottie,"['bernese mountain dog', 'rottweiler']"
bich-poo,"['bichon frise', 'poodle']"
bichomo,"['american eskimo', 'bichon frise']"
bichon-a-ranian,"['bichon frise', 'pomeranian']"
bichon yorkie,"['bichon frise', 'yorkshire terrier']"
biton,"['bichon frise', 'coton de tulear']"
black and tan coonoodle,"['poodle', 'black and tan coonhound']"
black and tan coonshepherd,"['black and tan coonhound', 'german shepherd']"
black and tan labhound,"['black and tan coonhound', 'labrador retriever']"
black mouth pom cur,"['black mouth cur', 'pomeranian']"
black russian wolfhound terrier,"['black russian terrier', 'irish wolfhound']"
bloodahouli,"['bloodhound', 'catahoula']"
blue blood cane corso,"['alapaha blue blood bulldog', 'cane corso']"
blue spaniel,"['australian cattle dog', 'cocker spaniel']"
blue-tzu heeler,"['australian cattle dog', 'shih tzu']"
bluetick coonoodle,"['bluetick coonhound', 'poodle']"
bluetick coonhound harrier,"['bluetick coonhound', 'harrier']"
bluetick rat terrier,"['bluetick coonhound', 'rat terrier']"
bluetick walker,"['bluetick coonhound', 'treeing walker coonhound']"
bo-dach,"['boston terrier', 'dachshund']"
bo-jack,"['boston terrier', 'jack russell terrier']"
bocker,"['beagle', 'cocker spaniel']"
bodacion,"['border collie', 'dalmatian']"
boerboel bernard,"['boerboel', 'saint bernard']"
boerboel pei,"['boerboel', 'shar pei']"
boerboel pit,"['boerboel', 'pit bull terrier']"
boglen terrier,"['beagle', 'boston terrier']"
bogle,"['beagle', 'boxer']"
bolo-chi,"['bolognese', 'chihuahua']"
bolo-tzu,"['bolognese', 'shih tzu']"
bologco,"['bolognese', 'cocker spaniel']"
bololgnese bolonka,"['bichon bolognese', 'russian tsvetnaya bolonka']"
bolonauzer,"['bolognese', 'schnauzer']"
bolonoodle,"['bolognese', 'poodle']"
bolosilk,"['bolognese', 'silky terrier']"
borador,"['border collie', 'labrador retriever']"
bordeaux pitbull,"['dogue de bordeaux', 'pit bull']"
border akbash collie,"['border collie', 'akbash dog']"
border akita collie,"['border collie', 'akita']"
border-aussie,"['australian shepherd', 'border collie']"
border aussie terrollie,"['border collie', 'australian terrier']"
border basset,"['border collie', 'basset hound']"
border beagle,"['border collie', 'beagle']"
border bluetick collie,"['border collie', 'bluetick coonhound']"
border chow,"['border collie', 'chow chow']"
border collie bernard,"['border collie', 'saint bernard']"
border collie britt,"['border collie', 'brittany spaniel']"
border collie bull staffy,"['border collie', 'staffordshire bull terrier']"
border collie cocker,"['border collie', 'cocker spaniel']"
border collie lakeland,"['border collie', 'lakeland terrier']"
border collie pit,"['border collie', 'pit bull terrier']"
border collie pyrenees,"['border collie', 'great pyrenees']"
border heeler,"['border collie', 'australian cattle dog blue heeler']"
border jack,"['border collie', 'jack russell terrier']"
border kelpie,"['border collie', 'australian kelpie']"
border malamute collie,"['border collie', 'alaskan malamute']"
border malamute terrier,"['border terrier', 'alaskan malamute']"
border newfie,"['border collie', 'newfoundland']"
border point,"['border collie', 'pointer']"
border pom,"['border collie', 'pomeranian']"
border rottie,"['border collie', 'rottweiler']"
border schnollie,"['border collie', 'schnauzer']"
border sheepdog,"['border collie', 'shetland sheepdog']"
border springer,"['border collie', 'english springer spaniel']"
border whipollie,"['border collie', 'whippet']"
bordernese,"['bernese mountain dog', 'border collie']"
bordoodle,"['border collie', 'poodle']"
borgi,"['border collie', 'welsh corgi']"
borollie,"['border collie', 'collie']"
bosapso,"['boston terrier', 'lhasa apso']"
boshih,"['boston terrier', 'shih tzu']"
boskimo,"['american eskimo', 'boston terrier']"
bosmaraner,"['boston terrier', 'weimaraner']"
bospin,"['boston terrier', 'miniature pinscher']"
bossi-poo,"['boston terrier', 'poodle']"
bossie,"['boston terrier', 'australian shepherd']"
bostalian,"['boston terrier', 'italian greyhound']"
bostchon,"['boston terrier', 'bichon frise']"
bostie,"['boston terrier', 'west highland white terrier']"
bostillon,"['boston terrier', 'papillon']"
bostinese,"['boston terrier', 'pekingese']"
boston border collie,"['boston terrier', 'border collie']"
boston boxer,"['boston terrier', 'boxer']"
boston cattle dog,"['australian cattle dog', 'boston terrier']"
boston chin,"['boston terrier', 'japanese chin']"
boston huahua,"['boston terrier', 'chihuahua']"
boston iggy,"['boston terrier', 'italian greyhound']"
boston lab,"['boston terrier', 'labrador retriever']"
boston malterrier,"['boston terrier', 'maltese']"
boston mastiff terrier,"['boston terrier', 'english mastiff']"
boston spaniel,"['boston terrier', 'cocker spaniel']"
boston yorkie,"['boston terrier', 'yorkshire terrier']"
bouberman,"['bouvier des flandres', 'doberman pinscher']"
bouvador,"['bouvier des flandres', 'labrador retriever']"
boweimar,"['boxer', 'weimaraner']"
bowzer,"['basset hound', 'miniature schnauzer']"
box-a-pug,"['boxer', 'pug']"
box-a-shar,"['boxer', 'shar-pei']"
box heeler,"['boxer', 'blue heeler']"
boxer bloodhound,"['bloodhound', 'boxer']"
boxer chow,"['boxer', 'chow chow']"
boxer jack,"['boxer', 'jack russell terrier']"
boxer shepherd,"['boxer', 'german shepherd']"
boxer whippet,"['boxer', 'whippet']"
boxachi,"['boxer', 'chihuahua']"
boxador,"['boxer', 'labrador retriever']"
boxane,"['boxer', 'great dane']"
boxapoint,"['boxer', 'german shorthaired pointer']"
boxer basset,"['boxer', 'basset hound']"
boxerdoodle,"['boxer', 'poodle']"
boxerman,"['boxer', 'doberman pinscher']"
boxita,"['akita', 'boxer']"
boxmas,"['boxer', 'mastiff']"
boxmatian,"['boxer', 'dalmatian']"
boxollie,"['boxer', 'collie']"
boxsky,"['boxer', 'siberian husky']"
boxspring,"['boxer', 'english springer spaniel']"
boxweiler,"['rottweiler', 'boxer']"
brat,"['boston terrier', 'rat terrier']"
bridoodle,"['briard', 'poodle']"
brittany beagle,"['brittany', 'beagle']"
brittany bourbonnais,"['brittany spaniel', 'braque du bourbonnais']"
brittnepoo,"['brittany spaniel', 'poodle']"
broholmer pit,"['broholmer', 'american pit bull terrier']"
broodle griffon,"['brussels griffon', 'poodle']"
brottweiler,"['brussels griffon', 'rottweiler']"
brug,"['brussels griffon', 'pug']"
brussalier,"['brussels griffon', 'cavalier king charles spaniel']"
brusselranian,"['brussels griffon', 'pomeranian']"
brusston,"['boston terrier', 'brussels griffon']"
bt walker,"['boxer', 'treeing walker coonhound']"
buggs,"['boston terrier', 'pug']"
bull-aussie,"['english bulldog', 'australian shepherd']"
bull-boxer,"['english bulldog', 'boxer']"
bull chow terrier,"['bull terrier', 'chow chow']"
bull daniff,"['bullmastiff', 'great dane']"
bull greyhound terrier,"['greyhound', 'bull terrier']"
bull heeler terrier,"['bull terrier', 'australian cattle dog']"
bull jack,"['bulldog', 'jack russell terrier']"
bull mastweiler,"['bullmastiff', 'rottweiler']"
bull-pei,"['bulldog', 'chinese shar-pei']"
bullador,"['english bulldog', 'labrador retriever']"
bullbasset mastiff,"['bullmastiff', 'basset hound']"
bullboxer pit,"['boxer', 'american pit bull terrier']"
bullboxer staff,"['boxer', 'american staffordshire terrier']"
bullboxer staffy bull,"['boxer', 'staffordshire bull terrier']"
bulldog schnauzer,"['bulldog english', 'miniature schnauzer']"
bullhuahua,"['bulldog', 'chihuahua']"
bullhuahua terrier,"['bull terrier', 'chihuahua']"
bullkita,"['american bulldog', 'akita']"
bullmasador,"['bullmastiff', 'labrador retriever']"
bullmastiff shepherd,"['bullmastiff', 'german shepherd']"
bullmatian,"['bulldog', 'dalmatian']"
bullmatian terrier,"['bull terrier', 'dalmatian']"
bulloxer,"['boxer', 'american bulldog']"
bullsky mastiff,"['bullmastiff', 'siberian husky']"
bullwhip,"['bulldog', 'whippet']"
bully basset,"['basset hound', 'bulldog']"
bully bordeaux,"['bullmastiff', 'dogue de bordeaux']"
bully chi,"['american bully', 'chihuahua']"
bully kutta lab,"['bully kutta', 'labrador retriever']"
bully jack terrier,"['bull terrier', 'jack russell terrier']"
bully-tzu,"['bulldog', 'shih tzu']"
bully wheaten,"['bulldog', 'soft coated wheaten terrier']"
bullypit,"['american bulldog', 'american pit bull terrier']"
bushland terrier,"['cairn terrier', 'scottish terrier']"
cadoodle,"['collie', 'poodle']"
cairanian,"['cairn terrier', 'pomeranian']"
cairicocker,"['cairn terrier', 'cocker spaniel']"
cairland terrier,"['cairn terrier', 'westie']"
cairmal,"['cairn terrier', 'maltese']"
cairn beagle,"['cairn terrier', 'beagle']"
cairn chin,"['cairn terrier', 'japanese chin']"
carin australian shepterrier,"['australian shepherd', 'cairn terrier']"
cairn corgi,"['cairn terrier', 'welsh corgi']"
cairnese,"['cairn terrier', 'havanese']"
cairnoodle,"['cairn terrier', 'poodle']"
cairnwich terrier,"['cairn terrier', 'norwich terrier']"
cairoston,"['cairn terrier', 'boston terrier']"
cane corxer,"['cane corso italiano', 'boxer']"
cardigan corgi pointer,"['cardigan welsh corgi', 'pointer']"
cardigan corman shepherd,"['cardigan welsh corgi', 'german shepherd']"
cardigan corswiss,"['cardigan welsh corgi', 'greater swiss mountain dog']"
cardigan pembroke corgi,"['cardigan welsh corgi', 'pembroke welsh corgi']"
care-tzu,"['cairn terrier', 'shih tzu']"
carengi,"['carolina dog', 'basenji']"
carkie,"['cairn terrier', 'yorkshire terrier']"
carnauzer,"['cairn terrier', 'miniature schnauzer']"
catahoula bulldog,"['louisiana catahoula leopard dog', 'american bulldog']"
catahoula dane,"['catahoula leopard dog', 'great dane']"
catahoula english bulldog,"['louisiana catahoula leopard dog', 'english bulldog']"
catahoula heeler,"['louisiana catahoula leopard dog', 'australian cattle dog']"
catahoula rottie,"['louisiana catahoula leopard dog', 'rottweiler']"
catahoula whippet,"['louisiana catahoula leopard dog', 'whippet']"
cattle collie dog,"['australian cattle dog', 'collie']"
cattle shepherd,"['australian cattle dog', 'german shepherd']"
caucasian husky,"['caucasian shepherd dog', 'husky']"
caucasian staffy bull,"['caucasian shepherd dog', 'staffordshire bull terrier']"
cav-a-malt,"['cavalier king charles', 'maltese']"
cav-a-mo,"['american eskimo', 'cavalier king charles spaniel']"
cava-chin,"['cavalier king charles', 'japanese chin']"
cava-corgi,"['cavalier king charles spaniel', 'pembroke welsh corgi']"
cav-a-jack,"['cavalier king charles spaniel', 'jack russell terrier']"
cava inu,"['cavalier king charles spaniel', 'shiba inu']"
cava-lon,"['cavalier king charles', 'papillon']"
cava-tzu,"['cavalier king charles', 'shih tzu']"
cavachon,"['bichon frise', 'cavalier king charles spaniel']"
cavador,"['cavalier king charles spaniel', 'labrador retriever']"
cavanese,"['cavalier king charles spaniel', 'havanese']"
cavapom,"['cavalier king charles spaniel', 'pomeranian']"
cavapoo,"['cavalier king charles spaniel', 'poodle']"
cavaton,"['cavalier king charles', 'coton de tulear']"
cava-shell,"['cavalier king charles spaniel', 'shetland sheepdog']"
cavestie,"['cavalier king charles spaniel', 'west highland white terrier']"
cavottish,"['cavalier king charles', 'scottish terrier']"
chabrador,"['chow chow', 'labrador retriever']"
chatham hill retriever,"['flat-coated retriever', 'cocker spaniel']"
chatterdale,"['chihuahua', 'patterdale']"
cheagle,"['chihuahua', 'beagle']"
cheeks,"['chihuahua', 'pekingese']"
cheenese,"['chihuahua', 'havanese']"
cherokee monarch,"['papillon', 'russian toy terrier']"
chesa-poo,"['chesapeake bay retriever', 'poodle']"
chesador,"['chesapeake bay retriever', 'labrador retriever']"
crested boxer,"['chinese crested', 'boxer']"
chestie,"['chihuahua', 'west highland white terrier']"
chi apso,"['chihuahua', 'lhasa apso']"
chi-chi,"['chihuahua', 'chinese crested']"
chi-chon,"['bichon frise', 'chihuahua']"
chidale,"['chihuahua', 'airedale terrier']"
chi-poo,"['chihuahua', 'poodle']"
chi-spaniel,"['chihuahua', 'cocker spaniel']"
chi staffy,"['chihuahua', 'staffordshire terrier']"
chi staffy bull,"['chihuahua', 'staffordshire bull terrier']"
chigi,"['chihuahua', 'corgi']"
chilier,"['cavalier king charles', 'chihuahua']"
chimation,"['chihuahua', 'dalmatian']"
chimo,"['chihuahua', 'american eskimo dog']"
chin crested,"['chinese crested', 'japanese chin']"
chin-fenpinscher,"['affenpinscher', 'japanese chin']"
chin-ocker,"['cocker spaniel', 'japanese chin']"
chin-pin,"['miniature pinscher', 'japanese chin']"
chin-wa,"['chihuahua', 'japanese chin']"
china jack,"['chinese crested', 'jack russell terrier']"
chinaranian,"['chinese crested', 'pomeranian']"
chineranian,"['japanese chin', 'pomeranian']"
chinese crestepoo,"['chinese crested', 'poodle']"
chinese crestese,"['chinese crested', 'maltese']"
chinese frise,"['bichon frise', 'chinese crested']"
chion,"['chihuahua', 'papillon']"
chipin,"['chihuahua', 'miniature pinscher']"
chipit,"['chihuahua', 'american pit bull terrier']"
chisenji,"['chihuahua', 'basenji']"
chiweenie,"['chihuahua', 'dachshund']"
chiwoxy,"['chihuahua', 'wire fox terrier']"
chizer,"['chihuahua', 'miniature schnauzer']"
chonzer,"['bichon frise', 'miniature schnauzer']"
chorkie,"['chihuahua', 'yorkshire terrier']"
chow hound basset,"['chow chow', 'basset hound']"
chow pei,"['chow chow', 'shar pei']"
chowpit,"['chow chow', 'american pit bull terrier']"
chow shepherd,"['chow chow', 'shepherd']"
chug,"['chihuahua', 'pug']"
chusky,"['chow chow', 'siberian husky']"
chussel,"['brussels griffon', 'chihuahua']"
chuvasz,"['chow chow', 'kuvasz']"
carillon,"['cairn terrier', 'papillon']"
clumber lab,"['clumber spaniel', 'labrador retriever']"
clumber pei,"['clumber spaniel', 'chinese shar pei']"
clumberton,"['clumber spaniel', 'bedlington terrier']"
cluminger spaniel,"['clumber spaniel', 'english springer']"
clumberstiff,"['clumber spaniel', 'bullmastiff']"
cock-a-chon,"['bichon frise', 'cocker spaniel']"
cock-a-mo,"['american eskimo', 'cocker spaniel']"
cock-a-tzu,"['cocker spaniel', 'shih tzu']"
cockalier,"['cavalier king charles', 'cocker spaniel']"
cockapin,"['cocker spaniel', 'miniature pinscher']"
cockapoo,"['cocker spaniel', 'poodle']"
cocker chow,"['cocker spaniel', 'chow chow']"
cocker griffon,"['cocker spaniel', 'brussels griffon']"
cocker jack,"['cocker spaniel', 'jack russell terrier']"
cocker-pei,"['cocker spaniel', 'chinese shar pei']"
cocker pug,"['cocker spaniel', 'pug']"
cocker sheltie,"['cocker spaniel', 'shetland sheepdog']"
cocker-ton,"['cocker spaniel', 'coton de tulear']"
cocker weim,"['cocker spaniel', 'weimaraner']"
cocker westie,"['cocker spaniel', 'west highland white terrier']"
cocker wheaten,"['cocker spaniel', 'soft coated wheaten terrier']"
cockeranian,"['cocker spaniel', 'pomeranian']"
cockerbull,"['cocker spaniel', 'english bulldog']"
cockinese,"['cocker spaniel', 'pekingese']"
cojack,"['jack russell terrier', 'pembroke welsh corgi']"
collie pyrenees,"['collie', 'great pyrenees']"
colonial cocker spaniel,"['american cocker spaniel', 'english cocker spaniel']"
confetti australian shepherd,"['australian shepherd', 'miniature schnauzer']"
copica,"['corgi', 'cockapoo']"
corgi basset,"['basset hound', 'welsh corgi']"
corgi bichon,"['corgi', 'bichon frise']"
corgi cattle dog,"['australian cattle dog', 'pembroke welsh corgi']"
corgi-flat,"['corgi', 'flat-coated retriever']"
corgi pit,"['welsh corgi', 'american pit bull terrier']"
corgi pointer,"['corgi', 'pointer']"
corgi pug,"['welsh corgi', 'pug']"
corgi schip,"['welsh corgi', 'schipperke']"
corgidor,"['labrador retriever', 'corgi']"
corgipoo,"['corgi', 'poodle']"
corgiranian,"['corgi', 'pomeranian']"
corillon,"['papillon', 'pembroke welsh corgi']"
corkie,"['cocker spaniel', 'yorkie']"
corman shepherd,"['corgi', 'german shepherd']"
corpin,"['corgi', 'miniature pinscher']"
corsengi,"['welsh corgi', 'basenji']"
corswiss,"['welsh corgi', 'greater swiss mountain dog']"
cortese,"['welsh corgi', 'maltese']"
cosheltie,"['collie', 'shetland sheepdog']"
coton-beagle,"['coton de tulear', 'beagle']"
coton bolonka,"['coton de tulear', 'russian tsvetnaya bolonka']"
coton chin,"['coton de tulear', 'japanese chin']"
coton eskimo,"['american eskimo', 'coton de tulear']"
coton mi-ki,"['coton de tulear', 'miki']"
coton schnauzer,"['coton de tulear', 'miniature schnauzer']"
coton tzu,"['coton de tulear', 'shih tzu']"
cotonese,"['coton de tulear', 'maltese']"
cotralian,"['cocker spaniel', 'standard, miniature or toy australian shepherd']"
coydog,"['domestic dog', 'coyote']"
crested apso,"['chinese crested', 'lhasa apso']"
crested beagle,"['chinese crested', 'beagle']"
crested cavalier,"['chinese crested', 'cavalier king charles spaniel']"
crested chin,"['chinese crested', 'chin']"
crested cocker,"['chinese crested', 'cocker spaniel']"
crested havanese,"['chinese crested', 'havanese']"
crested malt,"['chinese crested', 'maltese']"
crested peke,"['chinese crested', 'pekingese']"
crested schnauzer,"['chinese crested', 'miniature schnauzer']"
crested tzu,"['chinese crested', 'shih tzu']"
crested westie,"['chinese crested', 'west highland white terrier']"
crestoxie,"['chinese crested', 'dachshund']"
croatian sheepsky,"['croatian sheepdog', 'siberian husky']"
crustie,"['chinese crested', 'yorkshire terrier']"
cursset,"['black mouth cur', 'basset hound']"
dach-griffon,"['dachshund', 'brussels griffon']"
dachsador,"['dachshund', 'labrador retriever']"
dachsi apso,"['dachshund', 'lhasa apso']"
dachsweiler,"['dachshund', 'rottweiler']"
daisy dog,"['bichon', 'poodle', 'shih-tzu']"
dalmadoodle,"['dalmatian', 'poodle']"
dalmador,"['labrador retriever', 'dalmatian']"
dalmatian feist,"['dalmatian', 'mountain feist']"
dalmatian heeler,"['-dalmatian', 'australian cattle dog']"
dalmatian husky,"['dalmatian', 'siberian husky']"
dalmatian springer,"['dalmatian', 'english springer spaniel']"
dameranian,"['dachshund', 'pomeranian']"
dane shepherd,"['great dane', 'german shepherd']"
daniff,"['great dane', 'mastiff']"
dashalier,"['dachshund', 'cavalier king charles spaniel']"
daug,"['dachshund', 'pug']"
decker brat,"['decker hunting terrier', 'boston terrier']"
deerhound shepherd,"['scottish deerhound', 'german shepherd']"
dingo kelpie,"['dingo', 'australian kelpie']"
dingo podenco,"['dingo', 'andalusian podenco']"
doberman greyhound,"['doberman pinscher', 'greyhound']"
doberdane,"['doberman pinscher', 'great dane']"
doberdor,"['doberman pinscher', 'labrador retriever']"
doberghan,"['doberman pinscher', 'afghan hound']"
doberman bulldog,"['doberman pinscher', 'bulldog']"
doberman collie,"['doberman pinscher', 'collie']"
doberman pit,"['doberman pinscher', 'american pit bull terrier']"
doberman shepherd,"['doberman pinscher', 'german shepherd']"
dobie-basset,"['doberman pinscher', 'basset hound']"
dobie foxhound,"['doberman pinscher', 'american foxhound']"
dobie heeler,"['doberman pinscher', 'australian cattle dog']"
dobie schnauzer,"['doberman pinscher', 'schnauzer']"
dobieton,"['doberman pinscher', 'boston terrier']"
dobocker,"['doberman pinscher', 'cocker spaniel']"
dobsky,"['doberman pinscher', 'old english sheepdog']"
docker,"['dachshund', 'cocker spaniel']"
dogo pit,"['dogo argentino', 'pit bull terrier']"
dogue brasileiro,"['bull terrier', 'boxer']"
dogue de boxer,"['boxer', 'dogue de bordeaux']"
doguedoodle,"['dogue de bordeaux', 'poodle']"
doodleman pinscher,"['doberman', 'standard poodle']"
dorgi,"['dachshund', 'corgi']"
dorkie,"['dachshund', 'yorkshire terrier']"
doubull-mastiff,"['bullmastiff', 'mastiff']"
double doodle,"['goldendoodle', 'labradoodle']"
doxie cairn,"['cairn terrier', 'dachshund']"
doxie-chin,"['dachshund', 'japanese chin']"
doxie-chon,"['bichon frise', 'dachshund']"
doxie heeler,"['australian cattle dog', 'dachshund']"
doxie scot,"['dachshund', 'scottish terrier']"
doxie-pin,"['dachshund', 'miniature pinscher']"
doxie-pit,"['dachshund', 'american pit bull terrier']"
doxiemo,"['dachshund', 'american eskimo dog']"
doxiepoo,"['dachshund', 'poodle']"
doxle,"['beagle', 'dachshund']"
dualanese,"['bolognese', 'havanese']"
dusky,"['dachshund', 'siberian husky']"
dutchie chow shepherd,"['dutch shepherd', 'chow chow']"
elk-a-bee,"['norwegian elkhound', 'beagle']"
elkhound shepherd,"['norwegian elkhound', 'german shepherd']"
elk-kee,"['keeshond', 'norwegian elkhound']"
eng-a-poo,"['english toy spaniel', 'poodle']"
enga-apso,"['english toy spaniel', 'lhasa apso']"
engachon,"['bichon frise', 'english toy spaniel']"
engam bulldog x olde bulldog,"['american bulldog', 'english bulldog']"
enganese,"['english toy spaniel', 'havanese']"
engatzu spaniel,"['english toy spaniel', 'shih tzu']"
englian mastiff,"['english mastiff', 'neapolitan mastiff']"
english boodle,"['english bulldog', 'poodle']"
english borsetter collie,"['border collie', 'english setter']"
english boston-bulldog,"['boston terrier', 'english bulldog']"
english boxetter,"['english setter', 'boxer']"
english bull dane,"['english bulldog', 'great dane']"
english bull springer,"['bulldog', 'english springer spaniel']"
english bull terrier pit,"['bull terrier', 'pit bull terrier']"
english bullamute,"['bulldog', 'alaskan malamute']"
english bull staffy,"['english bulldog', 'american staffordshire terrier']"
english bull-walker,"['bulldog', 'treeing walker']"
english bullweiler,"['english bulldog', 'rottweiler']"
english bulldog terrier,"['english bulldog', 'bull terrier']"
english bulltyme,"['english bulldog', 'olde tyme bulldog']"
english bully staffy bull terrier,"['english bulldog', 'staffordshire bull terrier']"
english catahoula shepherd,"['english shepherd', 'louisiana catahoula leopard dog']"
english cocker chow,"['english cocker spaniel', 'chow chow']"
english collie shepherd,"['english shepherd', 'collie']"
english coonoodle,"['english coonhound', 'poodle']"
english coon rottie,"['american english coonhound', 'rottweiler']"
english king,"['cavalier king charles', 'english toy spaniel']"
english lhasa bull,"['english bulldog', 'lhasa apso']"
english mastahoula,"['english mastiff', 'louisiana catahoula leopard dog']"
english mastweiler,"['mastiff', 'rottweiler']"
english mini foxker,"['english cocker spaniel', 'miniature fox terrier']"
english neo bull,"['bulldog', 'neapolitan mastiff']"
english presa bulldog,"['english bulldog', 'presa canario']"
english spanador,"['english cocker spaniel', 'labrador retriever']"
english spantriever,"['english cocker spaniel', 'labrador retriever']"
english speagle,"['beagle', 'english toy spaniel']"
english springerman,"['doberman pinscher', 'english springer spaniel']"
english  sprointer,"['english pointer', 'english springer spaniel']"
english toy chin spaniel,"['english toy spaniel', 'japanese chin']"
english toy cocker spaniel,"['cocker spaniel', 'english toy spaniel']"
english toy griffon,"['brussels griffon', 'english toy spaniel']"
english toy papillon,"['papillon', 'english toy spaniel']"
english toy spanese,"['english toy spaniel', 'pekingese']"
entlebucher pit,"['entlebucher mountain dog', 'american pit bull terrier']"
eskapoo,"['american eskimo dog', 'poodle']"
eskenji,"['american eskimo', 'basenji']"
eskidor,"['american eskimo', 'labrador retriever']"
eskifon,"['american eskimo', 'brussels griffon']"
eskijack,"['american eskimo', 'jack russell terrier']"
eskimo chi,"['american eskimo', 'chihuahua']"
eskimo chin,"['chin', 'american eskimo dog']"
eskimo pit,"['american pit bull terrier', 'american eskimo dog']"
eskimo schnauzer,"['american eskimo', 'schnauzer']"
eskimo shepherd,"['american eskimo', 'german shepherd']"
eskimo yorkie,"['american eskimo', 'yorkshire terrier']"
eskland,"['american eskimo', 'shetland sheepdog']"
euro mountain sheparnese,"['bernese mountain dog', 'german shepherd']"
ewokian,"['havanese', 'pomeranian']"
faux frenchbo bulldog,"['boston terrier', 'french bulldog']"
feist chi,"['mountain feist', 'chihuahua']"
feist tzu,"['mountain feist', 'shih tzu']"
fila tosa,"['fila brasileiro', 'japanese tosa']"
finnish chow spitz,"['finnish spitz', 'chow chow']"
flandoodle,"['bouvier des flandres', 'poodle']"
fo-tzu,"['shih tzu', 'toy fox terrier']"
foodle,"['poodle', 'toy fox terrier']"
fourche terrier,"['westie', 'yorkshire terrier']"
foxhoodle,"['fox hound', 'poodle']"
foxingese,"['pekingese', 'fox terrier']"
foxker,"['cocker spaniel', 'fox terrier']"
foxton,"['boston terrier', 'toy fox terrier']"
foxy rat terrier,"['american rat terrier', 'toy fox terrier']"
foxy russell,"['jack russell terrier', 'toy fox terrier']"
free-lance bulldog,"['french bulldog', 'bulldog']"
french afghan mastiff,"['dogue de bordeaux', 'afghan hound']"
french buillon,"['french bulldog', 'papillon']"
french bull dane,"['french bulldog', 'great dane']"
french bull jack,"['french bulldog', 'jack russell terrier']"
french bull rat terrier,"['french bulldog', 'american rat terrier']"
french bull terrier,"['french bulldog', 'bull terrier']"
french bull tzu,"['french bulldog', 'shih tzu']"
french bull weiner,"['french bulldog', 'dachshund']"
french bullhuahua,"['french bulldog', 'chihuahua']"
french bullnese,"['french bulldog', 'pekingese']"
french bulloxer,"['boxer', 'french bulldog']"
french bullweiler,"['french bulldog', 'rottweiler']"
french masti-bull,"['french bulldog', 'mastiff']"
french mastahoula,"['french mastiff', 'louisiana catahoula leopard dog']"
french pin,"['french bulldog', 'miniature pinscher']"
french west highlander,"['french bulldog', 'west highland white terrier']"
frenchie bichon,"['french bulldog', 'bichon frise']"
frenchie labrador,"['french bulldog', 'labrador retriever']"
frenchie-pei,"['french bulldog', 'chinese shar pei']"
frenchie pug,"['french bulldog', 'pug']"
frenchie shepherd,"['french bulldog', 'german shepherd']"
frenchie staff,"['french bulldog', 'american staffordshire terrier']"
frenchnese,"['french bulldog', 'havanese']"
frengle,"['french bulldog', 'beagle']"
froodle,"['french bulldog', 'poodle']"
gerberian shepsky,"['german shepherd', 'siberian husky']"
german anatolian shepherd,"['german shepherd', 'anatolian shepherd']"
german australian shepherd,"['german shepherd', 'australian shepherd']"
german groenendael,"['german shepherd', 'belgian shepherd']"
german hund pointer,"['german wirehaired pointer', 'dachshund']"
german longhaired sprointer,"['german longhaired pointer', 'english springer spaniel']"
german malinois,"['belgian malinois', 'german shepherd']"
german pointeraner,"['german shorthaired pointer', 'weimaraner']"
german sheltie spitz,"['german spitz', 'shetland sheepdog']"
german sheprador,"['german shepherd', 'labrador retriever']"
german shorthair toller,"['german shorthaired pointer', 'nova scotia duck tolling retriever']"
german shorthaired lab,"['german shorthaired pointer', 'labrador retriever']"
german shorthaired pointerpoodle,"['german shorthaired pointer', 'poodle']"
german shorthaired sprointer,"['german shorthaired pointer', 'english springer spaniel']"
german shorthaired weimaraner,"['german shorthaired pointer', 'weimaraner']"
german spitz shepherd,"['german spitz', 'german shepherd']"
german spitzpoo,"['german spitz', 'poodle']"
german wirehaired lab,"['german wirehaired pointer', 'labrador retriever']"
german wirehaired newfie,"['german wirehaired pointer', 'newfoundland']"
german wirehaired pointing vizsla,"['german wirehaired pointer', 'vizsla']"
german wirehaired pointing wolfhound,"['german wirehaired pointer', 'irish wolfhound']"
german wirehaired sprointer,"['german wirehaired pointer', 'english springer spaniel']"
german yorkie shepherd,"['german shepherd', 'yorkshire terrier']"
germanees,"['german shepherd', 'great pyrenees']"
giant bolonauzer,"['bolognese', 'giant schnauzer']"
giant border schnollie,"['border collie', 'giant schnauzer']"
giant irish wolf schnauzer,"['giant schnauzer', 'irish wolfhound']"
giant kerry blue schnauzer,"['giant schnauzer', 'kerry blue terrier']"
giant komondauzer,"['giant schnauzer', 'komondor']"
giant ratzer,"['giant schnauzer', 'rat terrier']"
giant schnauzer chin,"['japanese chin', 'giant schnauzer']"
giant schnoodle,"['giant schnauzer', 'standard poodle']"
giant wauzer,"['westie', 'giant schnauzer']"
giant wire hair snauzer,"['giant schnauzer', 'wire fox terrier']"
glechon,"['beagle', 'bichon frise']"
goberian,"['golden retriever', 'siberian husky']"
golden akita retriever,"['golden retriever', 'akita']"
golden border retriever,"['golden retriever', 'border collie']"
golden boxer,"['golden retriever', 'boxer']"
golden bulldog,"['golden retriever', 'bulldog']"
golden bullmastiff retriever,"['bullmastiff', 'golden retriever']"
golden cavalier,"['cavalier king charles spaniel', 'golden retriever']"
golden chesabay,"['golden retriever', 'chesapeake bay retriever']"
golden chow retriever,"['golden retriever', 'chow chow']"
golden cocker retriever,"['cocker spaniel', 'golden retriever']"
golden dox,"['golden retriever', 'dachshund']"
golden indian dog,"['golden retriever', 'native american indian dog']"
golden irish,"['golden retriever', 'irish setter']"
golden jack retriever,"['golden retriever', 'jack russell terrier']"
golden labrador,"['golden retriever', 'labrador retriever']"
golden mastiff,"['golden retriever', 'english mastiff']"
golden mountain dog,"['golden retriever', 'bernese mountain dog']"
golden newfie,"['golden retriever', 'newfoundland']"
golden pei,"['chinese shar pei', 'golden retriever']"
golden pyrenees,"['golden retriever', 'great pyrenees']"
golden rottie retriever,"['golden retriever', 'rottweiler']"
golden saint,"['golden retriever', 'saint bernard']"
golden sammy,"['golden retriever', 'samoyed']"
golden sheltie,"['golden retriever', 'sheltie']"
golden shepherd,"['golden retriever', 'german shepherd']"
golden tibetan tertriever,"['golden retriever', 'tibetan terrier']"
golden toller retriever,"['golden retriever', 'nova scotia duck tolling retriever']"
goldenapso retriever,"['golden retriever', 'lhasa apso']"
goldendale,"['golden retriever', 'airedale terrier']"
goldenshire,"['golden retriever', 'yorkshire terrier']"
goldendoodle,"['golden retriever', 'poodle']"
goldmaraner,"['golden retriever', 'weimaraner']"
goldmation,"['golden retriever', 'dalmatian']"
gollie,"['golden retriever', 'collie']"
gordon chesabay,"['gordon setter', 'chesapeake bay retriever']"
gordon sheltie,"['gordon setter', 'shetland sheepdog']"
gordondoodle,"['gordon setter', 'poodle']"
great bernese,"['bernese mountain dog', 'great pyrenees']"
great cambrian shepherd,"['great pyrenees', 'welsh sheepdog']"
great danebull,"['american pit bull terrier', 'great dane']"
great danesky,"['great dane', 'siberian husky']"
great danoodle,"['great dane', 'poodle']"
great dasenji,"['great dane', 'basenji']"
great golden dane,"['golden retriever', 'great dane']"
great keeshees,"['great pyrenees', 'keeshond']"
great pyredane,"['great dane', 'great pyrenees']"
great weimar,"['great dane', 'weimaraner']"
great wirehaired gryfenees,"['wirehaired pointing griffon', 'great pyrenees']"
great wolfhound,"['great pyrenees', 'irish wolfhound']"
greater swiss mountain dane,"['greater swiss mountain dog', 'great dane']"
greater swiss rottweiler,"['greater swiss mountain dog', 'rottweiler']"
greater welsh corswiss,"['welsh corgi', 'greater swiss mountain dog']"
greyador,"['greyhound', 'labrador retriever']"
greybull pit,"['american pit bull terrier', 'greyhound']"
greyhound shepherd,"['greyhound', 'german shepherd']"
griffairn terrier,"['brussels griffon', 'cairn terrier']"
griffichon,"['bichon frise', 'brussels griffon']"
griffon-pei,"['brussels griffon', 'chinese shar-pei']"
griffonese,"['brussels griffon', 'pekingese']"
griffonland,"['brussels griffon', 'west highland white terrier']"
griffonshire,"['brussels griffon', 'yorkshire terrier']"
groenendael chow,"['belgian shepherd', 'chow chow']"
hava-apso,"['havanese', 'lhasa apso']"
hava-boston,"['havanese', 'boston terrier']"
hava-jack,"['havanese', 'jack russell terrier']"
hava klee,"['havanese', 'alaskan klee kai']"
hava-welsh,"['havanese', 'welsh terrier']"
hava-wheat,"['havanese', 'soft coated wheaten terrier']"
havachin,"['havanese', 'japanese chin']"
havachon,"['bichon frise', 'havanese']"
havaco,"['havanese', 'cocker spaniel']"
havallon,"['havanese', 'papillon']"
havamalt,"['havanese', 'maltese']"
havanestie,"['havanese', 'west highland terrier']"
havapeke,"['havanese', 'pekingese']"
havashire,"['havanese', 'yorkshire terrier']"
havashu,"['havanese', 'shih tzu']"
havaton,"['coton de tulear', 'havanese']"
heeler pei,"['australian cattle dog', 'chinese shar-pei']"
highland maltie,"['west highland white terrier westie', 'maltese']"
hovie gold retriever,"['hovawart', 'golden retriever']"
hug,"['siberian husky', 'pug']"
hush basset,"['basset hound', 'cocker spaniel']"
husker,"['boxer', 'siberian husky']"
huskimo,"['siberian husky', 'american eskimo']"
huskita,"['siberian husky', 'akita']"
husky jack,"['siberian husky', 'jack russell terrier']"
husky wheaten,"['siberian husky', 'soft coated wheaten terrier']"
imo-inu,"['american eskimo', 'shiba inu']"
irish afghan setter,"['irish setter', 'afghan hound']"
irish bostetter,"['irish setter', 'boston terrier']"
irish boston terrier,"['irish terrier', 'boston terrier']"
irish dane,"['irish wolfhound', 'great dane']"
irish dobe setter,"['irish setter', 'doberman pinscher']"
irish doodle,"['irish setter', 'poodle']"
irish lakeland terrier,"['irish terrier', 'lakeland terrier']"
irish mastiff,"['irish wolfhound', 'mastiff']"
irish russian spanterrier,"['irish water spaniel', 'black russian terrier']"
irish troodle,"['irish terrier', 'poodle']"
irish wolf greyhound,"['irish wolfhound', 'greyhound']"
irish wolfoodle,"['irish wolfhound', 'poodle']"
irish wolf schnauzer,"['giant schnauzer', 'irish wolfhound']"
irish wolfsky,"['irish wolfhound', 'siberian husky']"
italian greycrested,"['italian greyhound', 'chinese crested']"
italian greyenji,"['italian greyhound', 'basenji']"
italian-bichon,"['bichon frise', 'italian greyhound']"
italian border greyollie,"['border collie', 'italian greyhound']"
italian bulldogge,"['neapolitan mastiff', 'olde english bulldogge']"
italian cairn,"['cairn terrier', 'italian greyhound']"
italian cavalier greyhound,"['italian greyhound', 'cavalier king charles spaniel']"
italian daniff,"['cane corso italiano', 'great dane']"
italian doxie,"['italian greyhound', 'dachshund']"
italian eskimo,"['italian greyhound', 'american eskimo dog']"
italian greagle,"['italian greyhound', 'beagle']"
italian grey min pin,"['italian greyhound', 'miniature pinscher']"
italian greyhuahua,"['chihuahua', 'italian greyhound']"
italian mastweiler,"['italian mastiff', 'rottweiler']"
italian papihound,"['italian greyhound', 'papillon']"
irish saint terrier,"['irish terrier', 'saint bernard']"
italian tzu,"['italian greyhound', 'shih tzu']"
italian whippet greyhound,"['whippet', 'italian greyhound']"
ja-chon,"['bichon frise', 'japanese chin']"
jacairn,"['cairn terrier', 'jack russell terrier']"
jack-a-bee,"['beagle', 'jack russell terrier']"
jack-a-poo,"['jack russell terrier', 'poodle']"
jack-a-ranian,"['jack russell terrier', 'pomeranian']"
jack chi,"['chihuahua', 'jack russell terrier']"
jack highland terrier,"['jack russell terrier', 'west highland white terrier']"
jack pit,"['jack russell terrier', 'pit bull terrier']"
jack-rat terrier,"['jack russell terrier', 'rat terrier']"
jack russell greyhound,"['jack russell terrier', 'greyhound']"
jack tzu,"['jack russell terrier', 'shih tzu']"
jackie-bichon,"['bichon frise', 'jack russell terrier']"
jackshund,"['jack russell terrier', 'dachshund']"
jackweiler,"['jack russell terrier', 'rottweiler']"
jafox,"['japanese chin', 'toy fox terrier']"
jaland,"['japanese chin', 'west highland white terrier']"
japanese chow spitz,"['japanese spitz', 'chow chow']"
japanese spitz chi,"['japanese spitz', 'chihuahua']"
japanese thai ridgespitz,"['japanese spitz', 'thai ridgeback']"
japeke,"['japanese chin', 'pekinese']"
japillon,"['japanese chin', 'papillon']"
japug,"['japanese chin', 'pug']"
jarkie,"['japanese chin', 'yorkshire terrier']"
jatese,"['japanese chin', 'maltese']"
jatzu,"['japanese chin', 'shih tzu']"
jug,"['jack russell', 'pug']"
kashon,"['bichon frise', 'cairn terrier']"
kelpie corgi,"['australian kelpie', 'corgi']"
kelpie heeler,"['australian kelpie', 'australian cattle dog']"
kelpie lab,"['australian kelpie', 'labrador retriever']"
kelpie shepherd,"['australian kelpie', 'german shepherd']"
kelpie staff,"['australian kelpie', 'american staffordshire terrier']"
kerry blue schnauzer,"['kerry blue terrier', 'schnauzer']"
kerrblushcnauz,"['kerry blue terrier', 'miniature schnauzer']"
kerry wheaten,"['kerry blue terrier', 'soft-coated wheaten']"
kimola,"['american eskimo', 'lhasa apso']"
king cavrin,"['cavalier king charles', 'cairn terrier']"
king charles yorkie,"['cavalier king charles spaniel', 'yorkshire terrier']"
king pin,"['cavalier king charles spaniel', 'miniature pinscher']"
king rat,"['cavalier king charles', 'rat terrier']"
king schnauzer,"['cavalier king charles spaniel', 'miniature schnauzer']"
king wheaten,"['cavalier king charles spaniel', 'soft coated wheaten terrier']"
kobetan,"['cocker spaniel', 'tibetan terrier']"
lab'aire,"['airedale terrier', 'labrador retriever']"
lab apso,"['labrador retriever', 'lhasa apso']"
lab pei,"['labrador retriever', 'shar pei']"
lab-pointer,"['labrador retriever', 'pointer']"
labahoula,"['labrador retriever', 'louisiana catahoula leopard dog']"
labany,"['labrador retriever', 'brittany spaniel']"
labbe,"['beagle', 'labrador retriever']"
labernard,"['labrador retriever', 'saint bernard']"
labernese,"['labrador', 'bernese mountain dog']"
labloodhound,"['bloodhound', 'labrador retriever']"
labmaraner,"['labrador retriever', 'weimaraner']"
labollie,"['labrador retriever', 'collie']"
labrabull,"['labrador retriever', 'american pit bull terrier']"
labradane,"['labrador retriever', 'great dane']"
labradinger,"['english springer spaniel', 'lab']"
labradoodle,"['labrador retriever', 'poodle']"
labrador corso,"['labrador retriever', 'cane corso italiano']"
labraheeler,"['labrador retriever', 'australian cattle dog']"
labrahuahua,"['labrador retriever', 'chihuahua']"
labrakita,"['labrador retriever', 'akita']"
labralas,"['labrador retriever', 'vizsla']"
labrasenji,"['labrador retriever', 'basenji']"
labrastaff,"['labrador retriever', 'american staffordshire terrier']"
labrottie,"['labrador retriever', 'rottweiler']"
la-chon,"['bichon frise', 'lhasa apso']"
lacasapoo,"['cock-a-poo', 'lhasa apso']"
la pom,"['-pomeranian', 'lhasa apso']"
leoberner,"['leonberger', 'bernese mountain dog']"
lha-basset,"['basset hound', 'lhasa apso']"
lha-cocker,"['cocker spaniel', 'lhasa apso']"
lhasa-corgi,"['corgi', 'lhasa apso']"
lhasa-coton,"['coton de tulear', 'lhasa apso']"
lhasa jack,"['lhasa apso', 'jack russell terrier']"
lhasa pin,"['lhasa apso', 'miniature pinscher']"
lhasa vendeen,"['lhasa apso', 'petit basset griffon vendeen']"
lhaffon,"['brussels griffon', 'lhasa apso']"
lhasalier,"['cavalier king charles', 'lhasa apso']"
lhasanese,"['lhasa apso', 'pekingese']"
lhasapoo,"['lhasa apso', 'poodle']"
lhatese,"['lhasa apso', 'maltese']"
malamute pei,"['alaskan malamute', 'shar pei']"
mal-shi,"['maltese', 'shih tzu']"
malanees,"['alaskan malamute', 'great pyrenees']"
malchi,"['chihuahua', 'maltese']"
mali-dutchie,"['belgian malinois', 'dutch shepherd']"
malinois akita,"['belgian malinois', 'akita']"
malinois greyhound,"['belgian malinois', 'greyhound']"
malinois mastiff,"['belgian malinois', 'mastiff']"
malinois x,"['belgian malinois', 'german shepherd']"
mally foxhound,"['alaskan malamute', 'foxhound']"
malteagle,"['beagle', 'maltese']"
malti-pin,"['maltese', 'miniature pinscher']"
malti-poo,"['maltese', 'poodle']"
malti-pug,"['maltese', 'pug']"
malti-py,"['maltese', 'great pyrenees']"
maltichon,"['maltese', 'bichon']"
maltipom,"['maltese', 'pomeranian']"
malton,"['cavachon', 'maltese']"
maremma kelpie,"['maremma sheepdog', 'australian kelpie']"
maremma shepherd,"['maremma sheepdog', 'german shepherd']"
maspyr,"['mastiff', 'great pyrenees']"
mastador,"['mastiff', 'labrador retriever']"
mastapeake,"['mastiff', 'chesapeake bay retriever']"
masti-bull,"['mastiff', 'bulldog']"
mastidoodle,"['mastiff', 'poodle']"
mastiff shepherd,"['mastiff', 'german shepherd']"
mauxie,"['dachshund', 'maltese']"
mauzer,"['maltese', 'miniature schnauzer']"
meagle,"['beagle', 'miniature pinscher']"
mi-kitese,"['maltese', 'mi-ki']"
mi-orkie,"['mi-ki', 'yorkshire terrier']"
min pin frise,"['bichon frise', 'miniature pinscher']"
min pin shepherd,"['miniature pinscher', 'german shepherd']"
mini australian shepterrier,"['australian terrier', 'miniature australian shepherd']"
mini bolonauzer,"['bolognese', 'miniature schnauzer']"
mini cairn pin,"['cairn terrier', 'miniature pinscher']"
mini chisoxy,"['mini fox terrier', 'chihuahua']"
mini english cocker,"['dachshund', 'english cocker spaniel']"
mini fo-chon,"['bichon frise', 'mini fox terrier']"
mini fo-tzu,"['shih tzu', 'mini fox terrier']"
mini foodle,"['poodle', 'mini fox terrier']"
mini fox beagle,"['mini fox terrier', 'beagle']"
mini fox pinscher,"['miniature pinscher', 'mini fox terrier']"
mini foxie doxie,"['mini fox terrier', 'dachshund']"
mini foxillon,"['miniature fox terrier', 'papillon']"
mini foxingese,"['pekingese', 'mini fox terrier']"
mini foxker,"['cocker spaniel', 'mini fox terrier']"
mini foxton,"['boston terrier', 'mini fox terrier']"
mini foxy rat terrier,"['american rat terrier', 'mini fox terrier']"
mini foxy russell,"['jack russell terrier', 'mini fox terrier']"
mini jafox,"['japanese chin', 'mini fox terrier']"
mini kerry blue schnauzer,"['kerry blue terrier', 'miniature schnauzer']"
mini king schnauzer,"['cavalier king charles spaniel', 'miniature schnauzer']"
mini poxer,"['pug', 'mini fox terrier']"
mini ratzer,"['miniature schnauzer', 'rat terrier']"
mini schnauzer chin,"['japanese chin', 'miniature schnauzer']"
mini schnauzer jack,"['miniature schnauzer', 'jack russell terrier']"
mini scottish fox terrier,"['scottish terrier', 'mini fox terrier']"
mini st. bernard,"['saint bernard', 'cocker spaniel']"
mini texas heeler,"['miniature australian shepherd', 'australian cattle dog']"
mini torkie,"['mini fox terrier', 'yorkie']"
mini toy foxter,"['mini fox terrier', 'toy fox terrier']"
mini wire hair snauzer,"['miniature schnauzer', 'wire fox terrier']"
mini yorkshire aussie,"['miniature australian shepherd', 'yorkshire terrier']"
miniature ausseippet,"['whippet', 'miniature australian shepherd']"
miniature aussiedoodle,"['miniature australian shepherd', 'miniature poodle']"
miniature border schnollie,"['border collie', 'miniature schnauzer']"
miniature boxer,"['boston terrier', 'boxer']"
miniature bulldog,"['bulldog', 'pug']"
miniature english bulldach,"['bulldog', 'dachshund']"
miniature french bull terrier,"['french bulldog', 'miniature bull terrier']"
miniature french schnauzer,"['french bulldog', 'miniature schnauzer']"
miniature golden retriever,"['golden retriever', 'cocker spaniel', 'poodle']"
miniature gordondoodle,"['gordon setter', 'miniature poodle']"
miniature irish wolf schnauzer,"['miniature schnauzer', 'irish wolfhound']"
miniature pinschelkhound,"['miniature pinscher', 'norwegian elkhound']"
miniature schnaupin,"['miniature schnauzer', 'min pin']"
miniature schnauzzie,"['miniature schnauzer', 'miniature australian shepherd']"
miniature schnoxie,"['dachshund', 'miniature schnauzer']"
miniboz,"['boston terrier', 'miniature schnauzer']"
minnie jack,"['jack russell terrier', 'miniature pinscher']"
minnie parson,"['parson russell terrier', 'miniature pinscher']"
morkie,"['maltese', 'yorkshire terrier']"
morkshire terrier,"['maltese', 'biewer terrier']"
mountain bulldog,"['bernese mountain dog', 'bulldog']"
mountain cur shepherd,"['mountain cur', 'german shepherd']"
mountain jack cur,"['mountain cur', 'jack russell terrier']"
mountain mastiff,"['bernese mountain dog', 'mastiff']"
muggin,"['miniature pinscher', 'pug']"
muscle mastiff,"['dogue de bordeaux', 'mastiff']"
native american newfie,"['native american indian dog', 'newfoundland']"
native american shepherd,"['native american indian dog', 'belgium shepherd']"
native american village dog,"['native american indian dog', 'german shepherd']"
neahond,"['neapolitan mastiff', 'keeshond']"
neapolitan shepherd,"['neapolitan mastiff', 'german shepherd']"
neapolitan boxer,"['neapolitan mastiff', 'boxer']"
nekita,"['akita', 'neapolitan mastiff']"
neo bullmastiff,"['bullmastiff', 'neapolitan mastiff']"
neo daniff,"['neapolitan mastiff', 'great dane']"
new labralound,"['newfoundland', 'labrador retriever']"
new rottland,"['newfoundland', 'rottweiler']"
new shep,"['newfoundland', 'german shepherd']"
newfie dane,"['newfoundland', 'great dane']"
newfypoo,"['newfoundland', 'poodle']"
norjack,"['norfolk terrier', 'jack russell terrier']"
nortese,"['norwich terrier', 'maltese x']"
norwich de tulear,"['coton de tulear', 'norwich terrier']"
old deerhound sheepdog,"['old english sheepdog', 'scottish deerhound']"
old doxie sheepdog,"['dachshund', 'old english sheepdog']"
olde boston bullchi,"['olde boston bulldogge', 'chihuahua']"
olde double bully,"['bulldog', 'olde english bulldogge']"
olde pit bulldogge,"['american pit bull terrier', 'olde english bulldogge']"
olde staff bulldogge,"['american staffordshire terrier', 'olde english bulldogge']"
olde staffybull bulldogge,"['staffordshire bull terrier', 'olde english bulldogge']"
ori pei,"['pug', 'shar-pei']"
papastzu,"['papillon', 'shih tzu']"
papeagle,"['papillon', 'beagle']"
paperanian,"['papillon', 'pomeranian']"
papi-inu,"['papillon', 'shiba inu']"
papi-poo,"['papillon', 'poodle']"
papichon,"['papillon', 'bichon']"
papigriffon,"['brussels griffon', 'papillon']"
papijack,"['papillon', 'jack russell terrier']"
papimo,"['american eskimo', 'papillon']"
papiox,"['papillon', 'toy fox terrier']"
papitese,"['maltese', 'papillon']"
papshund,"['dachshund', 'papillon']"
parsonhund,"['parson russell terrier', 'dachshund']"
patterdale doxie,"['patterdale terrier', 'dachshund']"
patterdale shepherd,"['patterdale terrier', 'german shepherd']"
patterbea,"['beagle', 'patterdale terrier']"
patterjack,"['patterdale terrier', 'jack russell']"
patterland,"['patterdale terrier', 'lakeland terrier']"
patton terrier,"['patterdale terrier', 'boston terrier']"
peagle,"['beagle', 'pekingese']"
peek-a-pom,"['pekingese', 'pomeranian']"
pek-a-rat,"['pekingese', 'rat terrier']"
pekalier,"['cavalier king charles', 'pekingese']"
pekarin,"['cairn terrier', 'pekingese']"
peke-a-boo,"['bolognese', 'pekingese']"
peke-a-chon,"['bichon frise', 'pekingese']"
peke-a-chow,"['pekingese', 'chow chow']"
peke-a-jack,"['pekingese', 'jack russell terrier']"
peke-a-pap,"['papillon', 'pekingese']"
peke-a-pin,"['miniature pinscher', 'pekingese']"
peke-a-tese,"['maltese', 'pekingese']"
peka-a-west,"['pekingnese', 'west highland white terrier']"
peke-italian,"['pekingnese', 'italian greyhound']"
pekehund,"['pekingese', 'dachshund']"
pekepoo,"['pekingese', 'poodle']"
pembroke cocker corgi,"['pembroke welsh corgi', 'american cocker spaniel']"
pembroke corgi pointer,"['pembroke welsh corgi', 'pointer']"
pembroke corman shepherd,"['pembroke welsh corgi', 'german shepherd']"
pembroke corswiss,"['pembroke welsh corgi', 'greater swiss mountain dog']"
pembroke sheltie,"['shetland sheepdog', 'pembroke welsh corgi']"
petite goldendoodle,"['golden retriever', 'cocker spaniel', 'poodle']"
petite golden retriever,"['cavalier king charles spaniel with', 'golden retriever']"
petite labradoodle,"['labrador retriever', 'cocker spaniel', 'poodle']"
pharaoh lab,"['pharaoh hound', 'labrador retriever']"
plica,"['basset hound', 'ori pei']"
plotkita,"['plott hound', 'akita']"
plottahoula,"['plott hound', 'louisiana catahoula leopard dog']"
plott rottie,"['plott hound', 'rottweiler']"
plott walker,"['plott hound', 'treeing walker coonhound']"
plush danois,"['anatolian shepherd dog', 'great dane']"
pin-tzu,"['miniature pinscher', 'shih tzu']"
pineranian,"['miniature pinscher', 'pomeranian']"
pinny-poo,"['miniature pinscher', 'poodle']"
pinweiler,"['miniature pinscher', 'rottweiler']"
pit boodle,"['pit bull', 'poodle']"
pit bullmastiff,"['american pit bull terrier', 'bullmastiff']"
pit heeler,"['american pitbull terrier', 'blue heeler']"
pit pei,"['american pit bull terrier', 'shar-pei']"
pit pin,"['american pit bull terrier', 'miniature pinscher']"
pitchow,"['american pitbull terrier', 'chow chow']"
pitweiler,"['american pit bull terrier', 'rottweiler']"
pocket pitbull,"['american pit bull terrier', 'patterdale terrier']"
pointer bay,"['german shorthaired pointer', 'chesapeake bay retriever']"
pointer pit,"['american pit bull terrier', 'pointer']"
pointollie,"['pointer', 'collie']"
pom-kee,"['pomeranian', 'keeshond']"
pom-a-nauze,"['miniature schnauzer', 'pomeranian']"
pom-a-pug,"['pomeranian', 'pug']"
pom-coton,"['coton de tulear', 'pomeranian']"
pom-shi,"['pomeranian', 'shiba inu']"
pom-silk,"['pomeranian', 'silky terrier']"
pom terrier,"['pomeranian', 'toy fox terrier']"
pomapoo,"['pomeranian', 'poodle']"
pomchi,"['pomeranian', 'chihuahua']"
pomeagle,"['beagle', 'pomeranian']"
pomerat,"['pomeranian', 'american rat terrier']"
pomimo,"['american eskimo', 'pomeranian']"
pomsky,"['pomeranian', 'husky']"
pomston,"['boston terrier', 'pomeranian']"
poo-shi,"['poodle', 'shiba inu']"
poo-ton,"['coton de tulear', 'poodle']"
pooahoula,"['catahoula leopard dog', 'poodle']"
poochin,"['japanese chin', 'poodle']"
pooda houla,"['catahoula', 'poodle']"
poogle,"['beagle', 'poodle']"
poolky,"['poodle', 'silky terrier']"
pootalian,"['italian greyhound', 'poodle']"
poovanese,"['havanese', 'poodle']"
poshies,"['pomeranian', 'shetland sheepdog']"
powderpap,"['papillon', 'chinese crested']"
presa bulldog,"['english bulldog', 'presa canario']"
presa dane,"['presa canario', 'great dane']"
pug-a-mo,"['pug', 'american eskimo dog']"
pug-coton,"['pug', 'coton de tulear']"
pug pit,"['pug', 'pit bull terrier']"
pug shiba,"['pug', 'shiba inu']"
pug-zu,"['pug', 'shih tzu']"
pugador,"['pug', 'labrador retriever']"
pugairn,"['pug', 'cairn terrier']"
pugalier,"['cavalier king charles spaniel', 'pug']"
puganese,"['pug', 'havanese']"
pugapoo,"['pug', 'poodle']"
pugese,"['pug', 'chinese crested']"
puggat,"['pug', 'american rat terrier']"
puggit,"['pug', 'italian greyhound']"
puggle,"['pug', 'beagle']"
pughasa,"['pug', 'lhasa apso']"
pugillon,"['pug', 'papillon']"
puginese,"['pug', 'pekingese']"
pugland,"['pug', 'westie']"
pugottie,"['pug', 'scottish terrier']"
pugmatian,"['pug', 'dalmatian']"
pugshire,"['pug', 'yorkshire terrier']"
pugwich,"['pug', 'norwich terrier']"
pushon,"['pug', 'bichon frise']"
pyredoodle,"['great pyrenees', 'poodle']"
pyrenees husky,"['great pyrenees', 'siberian husky']"
pyrenees pit,"['great pyrenees', 'american pit bull terrier']"
pyrador,"['great pyrenees', 'labrador retriever']"
raggle,"['american rat terrier', 'beagle']"
rashon,"['rat terrier', 'bichon frise']"
rat-a-pap,"['american rat terrier', 'papillon']"
rat apso,"['lhasa apso', 'rat terrier']"
rat basset,"['basset hound', 'rat terrier']"
rat-cha,"['rat terrier', 'chihuahua']"
rat feist,"['rat terrier', 'mountain feist']"
rat heeler,"['rat terrier', 'australian cattle dog']"
rat pei,"['rat terrier', 'shar pei']"
rat pinscher,"['rat terrier', 'miniature pinscher']"
ratahoula,"['rat terrier', 'catahoula leopard dog']"
ratese,"['american rat terrier', 'maltese']"
ratshi terrier,"['american rat terrier', 'shih tzu']"
ratshire terrier,"['yorkshire terrier', 'american rat terrier']"
rattle,"['american rat terrier', 'poodle']"
rattle griffon,"['brussels griffon', 'rat terrier']"
reagle,"['rottweiler', 'beagle']"
redbone coonoodle,"['redbone coonhound', 'poodle']"
redbone lab,"['redbone coonhound', 'labrador retriever']"
redbone shepherd,"['redbone coonhound', 'german shepherd']"
rhodesian beagle,"['rhodesian ridgeback', 'beagle']"
rhodesian bernard,"['rhodesian ridgeback', 'saint bernard']"
rhodesian boxer,"['rhodesian ridgeback', 'boxer']"
rhodesian labrador,"['rhodesian ridgeback', 'labrador retriever']"
rhodesian pit,"['rhodesian ridgeback', 'pit bull terrier']"
rhodesian rottie,"['rhodesian ridgeback', 'rottweiler']"
rhodesian shepherd,"['rhodesian ridgeback', 'german shepherd']"
rhodesian whippet,"['rhodesian ridgeback', 'whippet']"
rott pei,"['rottweiler', 'shar pei']"
rottaf,"['afghan hound', 'rottweiler']"
rottbull,"['rottweiler', 'bull terrier']"
rotterman,"['doberman pinscher', 'rottweiler']"
rotticorso,"['rottweiler', 'cane corso italiano']"
rottie basset,"['rottweiler', 'basset hound']"
rottie bordeaux,"['dogue de bordeaux', 'rottweiler']"
rottie chow,"['rottweiler', 'chow chow']"
rottie cocker,"['rottweiler', 'cocker spaniel']"
rottie corgi,"['rottweiler', 'corgi']"
rottie heeler,"['rottweiler', 'australian cattle dog']"
rottie shepherd,"['rottweiler', 'german shepherd']"
rottle,"['rottweiler', 'poodle']"
rottmatian,"['rottweiler', 'dalmatian']"
rottpeake,"['rottweiler', 'chesapeake bay retriever']"
rottsky,"['rottweiler', 'siberian husky']"
rough rhodesian collie,"['rough collie', 'rhodesian ridgeback']"
rus-a-pei,"['jack russell terrier', 'chinese shar pei']"
russian doodle terrier,"['black russian terrier', 'poodle']"
rustralian terrier,"['australian terrier', 'jack russell terrier']"
saint bernese,"['saint bernard', 'bernese mountain dog']"
saint berdoodle,"['saint bernard', 'poodle']"
saint bermastiff,"['mastiff', 'saint bernard']"
saint bernewfie,"['saint bernard', 'newfoundland']"
saint berxer,"['saint bernard', 'boxer']"
saint chesa bay bernard,"['saint bernard', 'chesapeake bay retriever']"
saint dane,"['great dane', 'saint bernard']"
saint pyrenees,"['saint bernard', 'great pyrenees']"
saint shepherd,"['saint bernard', 'german shepherd']"
saluki greyhound,"['saluki', 'greyhound']"
saluki deerhound,"['saluki', 'scottish deerhound']"
saluki sloughi,"['saluki', 'sloughi']"
sammy chow,"['samoyed', 'chow chow']"
sammy shepherd,"['samoyed', 'german shepherd']"
sammypoo,"['samoyed', 'poodle']"
samollie,"['samoyed', 'collie']"
samusky,"['samoyed', 'husky']"
sceagle,"['beagle', 'scottish terrier']"
schapso,"['lhasa apso', 'miniature schnauzer']"
schip-a-pom,"['pomeranian', 'schipperke']"
schip coton,"['schipperke', 'coton de tulear']"
schipese,"['maltese', 'schipperke']"
schipper-chi,"['schipperke', 'chihuahua']"
schipper-pin,"['schipperke', 'miniature pinscher']"
schipper-poo,"['poodle', 'schipperke']"
schnairedale,"['airedale terrier', 'schnauzer']"
schnau-tzu,"['miniature schnauzer', 'shih tzu']"
schnauffen,"['schnauzer', 'affenpinscher']"
schnauzador,"['schnauzer', 'labrador retriever']"
schnauzer pit,"['schnauzer', 'pit bull']"
schneagle,"['beagle', 'schnauzer']"
schnekingese,"['miniature schnauzer', 'pekingese']"
schnese,"['havanese', 'miniature schnauzer']"
schnocker,"['miniature schnauzer', 'cocker spaniel']"
schnoodle,"['schnauzer', 'poodle']"
schnorgi,"['schnauzer', 'corgi']"
schnottie,"['schnauzer', 'rottweiler']"
schnu,"['miniature schnauzer', 'shiba inu']"
schnug,"['miniature schnauzer', 'pug']"
schweenie,"['dachshund', 'shih tzu']"
sco-shi,"['scottish terrier', 'shih tzu']"
scobo terrier,"['boston terrier', 'scottish terrier']"
scoland terrier,"['scottish terrier', 'westie']"
scolden terrier,"['scottish terrier', 'golden retriever']"
scorkie,"['scottish terrier', 'yorkshire terrier']"
scotchi,"['scottish terrier', 'chihuahua']"
scotchon,"['bichon frise', 'scottish terrier']"
scotinese,"['pekingese', 'scottish terrier']"
scottese,"['maltese', 'scottish terrier']"
scotti apso,"['lhasa apso', 'scottish terrier']"
scottie schnauzer,"['scottish terrier', 'schnauzer']"
scottish cocker,"['cocker spaniel', 'scottish terrier']"
scottish deer greyhound,"['greyhound', 'scottish deerhound']"
scottish-skye terrier,"['scottish terrier', 'skye terrier']"
scottish staffish bull terrier,"['scottish terrier', 'staffordshire bull terrier']"
scoodle,"['scottish terrier', 'poodle']"
sealydale terrier,"['sealyham terrier', 'airedale terrier']"
shairn-inu,"['cairn terrier', 'shiba inu']"
sharbo,"['boston terrier', 'chinese shar-pei']"
shar-pei pitbull terrier,"['chinese shar-pei', 'american pit bull terrier']"
shar-poo,"['shar-pei', 'poodle']"
shar tzu,"['shar-pei', 'shih tzu']"
sharberian husky,"['chinese shar-pei', 'siberian husky']"
sharmatian,"['chinese shar-pei', 'dalmatian']"
sharp eagle,"['beagle', 'chinese shar pei']"
sheepadoodle,"['old english sheepdog', 'standard poodle']"
shelchon,"['bichon frise', 'shetland sheepdog']"
shelestie,"['shetland sheepdog', 'west highland white terrier']"
shelillon,"['papillon', 'shetland sheepdog']"
sheltidoodle,"['sheltie', 'poodle']"
sheltie heeler,"['shetland sheepdog', 'australian cattle dog heeler']"
sheltie inu,"['shetland sheepdog', 'shiba inu']"
sheltie-kee,"['keeshond', 'shetland sheepdog']"
sheltie pin,"['shetland sheepdog', 'miniature pinscher']"
sheltie pug,"['shetland sheepdog', 'pug']"
sheltie shepherd,"['german shepherd', 'shetland sheepdog']"
sheltie tzu,"['shetland sheepdog', 'shih tzu']"
shepadoodle,"['german shepherd', 'standard poodle']"
shepherd pei,"['german shepherd', 'shar pei']"
shepherd pit,"['german shepherd', 'american pit bull terrier']"
shepherd tzu,"['german shepherd', 'shih tzu']"
shepnees,"['german shepherd', 'great pyrenees']"
sheprador,"['australian shepherd', 'labrador retriever']"
shepsky,"['german shepherd', 'siberian husky']"
sheptese,"['german shepherd', 'maltese']"
shepweiler,"['german shepherd', 'rottweiler']"
shethund,"['shetland sheepdog', 'dachshund']"
shetinese,"['pekingese', 'shetland sheepdog']"
shi-beagle,"['beagle', 'shiba inu']"
shiba-chi,"['chihuahua', 'shiba inu']"
shiba corgi,"['shiba inu', 'welsh corgi']"
shiba lab,"['shiba inu', 'labrador retriever']"
shiba pin,"['shiba inu', 'miniature pinscher']"
shibadox,"['shiba inu', 'dachshund']"
shibos,"['boston terrier', 'shiba inu']"
shichi,"['chihuahua', 'shih tzu']"
shichon,"['bichon frise', 'shih tzu']"
shiffon,"['brussels griffon', 'shih tzu']"
shih apso,"['lhasa apso', 'shih tzu']"
shih-mo,"['american eskimo', 'shih tzu']"
shih-poo,"['shih-tzu', 'poodle']"
shinese,"['shih tzu', 'pekingese']"
shiranian,"['pomeranian', 'shih tzu']"
shocker,"['cocker spaniel', 'shiba inu']"
shockerd,"['english shepherd', 'cocker spaniel']"
shollie,"['german shepherd', 'collie']"
shorgi,"['corgi', 'shih-tzu']"
shorkie tzu,"['shih tzu', 'yorkie']"
shug,"['german shepherd', 'pug']"
siberian black mouth cur,"['black mouth cur', 'siberian husky  picture needed']"
siberian boston,"['siberian husky', 'boston terrier']"
siberian cocker,"['cocker spaniel', 'siberian husky']"
siberian collisky,"['siberian husky', 'collie']"
siberian indian dog,"['siberian husky', 'native american indian dog']"
siberian keeshond,"['siberian husky', 'keeshond']"
siberian kelpsky,"['siberian husky', 'australian kelpie']"
siberian pinscher,"['doberman pinscher', 'siberian husky']"
siberian retriever,"['siberian husky', 'labrador retriever']"
siberian shiba,"['siberian husky', 'shiba inu']"
siberpoo,"['siberian husky', 'poodle']"
silkchon,"['bichon frise', 'silky terrier']"
silkese,"['maltese', 'silky terrier']"
silkin,"['japanese chin', 'silky terrier']"
silkinese,"['pekingese', 'silky terrier']"
silkland terrier,"['silky terrier', 'westie']"
silkshire terrier,"['silky terrier', 'yorkshire terrier']"
silkshund,"['dachshund', 'silky terrier']"
silky cairn,"['cairn terrier', 'silky terrier']"
silky cocker,"['maltese', 'cocker spaniel']"
silky coton,"['coton de tulear', 'silky terrier']"
silky jack,"['jack russell terrier', 'silky terrier']"
silky-lhasa,"['lhasa apso', 'silky terrier']"
silky-pin,"['miniature pinscher', 'silky terrier']"
silky pug,"['pug', 'silky terrier']"
silky tzu,"['silky terrier', 'shih-tzu']"
silkyhuahua,"['chihuahua', 'silky terrier']"
silkytie,"['shetland sheepdog', 'silky terrier']"
silkzer,"['miniature schnauzer', 'silky terrier']"
ski-border,"['american eskimo', 'border collie']"
ski-collie,"['american eskimo', 'collie']"
skilky terrier,"['scottish terrier', 'silky terrier']"
skip-shzu,"['schipperke', 'shih tzu']"
skye-pap,"['skye terrier', 'papillon']"
skypoo,"['poodle', 'skye terrier']"
smooth chisoxy,"['smooth fox terrier', 'chihuahua']"
smooth fo-chon,"['bichon frise', 'smooth fox terrier']"
smooth fo-tzu,"['shih tzu', 'smooth fox terrier']"
smooth foodle,"['poodle', 'smooth fox terrier']"
smooth fox beagle,"['smooth fox terrier', 'beagle']"
smooth fox pinscher,"['miniature pinscher', 'smooth fox terrier']"
smooth foxie doxie,"['smooth fox terrier', 'dachshund']"
smooth foxingese,"['pekingese', 'smooth fox terrier']"
smooth foxker,"['cocker spaniel', 'smooth fox terrier']"
smooth foxillon,"['papillon', 'smooth fox terrier']"
smooth foxton,"['boston terrier', 'smooth fox terrier']"
smooth foxy boerboel,"['smooth fox terrier', 'boerboel']"
smooth foxy rat terrier,"['american rat terrier', 'smooth fox terrier']"
smooth foxy russell,"['jack russell terrier', 'smooth fox terrier']"
smooth foxybull terrier,"['smooth fox terrier', 'bulldog']"
smooth jafox,"['japanese chin', 'smooth fox terrier']"
smooth toy foxter,"['toy fox terrier', 'smooth fox terrier']"
smooth pom terrier,"['pomeranian', 'smooth fox terrier']"
smooth poxer,"['pug', 'smooth fox terrier']"
smooth rhodesian collie,"['smooth collie', 'rhodesian ridgeback']"
smooth scottish fox terrier,"['scottish terrier', 'smooth fox terrier']"
smooth torkie,"['smooth fox terrier', 'yorkie']"
sniffon,"['miniature schnauzer', 'brussels griffon']"
snorkie,"['miniature schnauzer', 'yorkshire terrier']"
soft coated golden,"['golden retriever', 'soft coated wheaten']"
soft coated wheatzer,"['miniature schnauzer', 'soft coated wheaten terrier']"
soft coated woxer,"['boxer', 'soft coated wheaten']"
spanador,"['labrador retriever', 'cocker spaniel']"
spangold retriever,"['english springer spaniel', 'golden retriever']"
spanierd,"['english springer spaniel', 'german shepherd']"
spantriever,"['english cocker spaniel', 'labrador retriever']"
spreagle,"['english springer spaniel', 'beagle']"
springer basset,"['english springer spaniel', 'basset hound']"
springer husky,"['english springer spaniel', 'siberian husky']"
springer pit,"['english springer spaniel', 'american pit bull terrier']"
springer rottie,"['english springer spaniel', 'rottweiler']"
springer spaniel sheepdog,"['english springer spaniel', 'old english sheepdog']"
springerdoodle,"['english springer spaniel', 'poodle']"
sprocker spaniel,"['english springer spaniel', 'cocker spaniel']"
sprollie,"['english springer spaniel', 'collie']"
staffy bull bordeaux,"['staffordshire bull terrier', 'dogue de bordeaux']"
staffy bull bullmastiff,"['staffordshire bull terrier', 'bullmastiff']"
staffweiler,"['american staffordshire terrier', 'rottweiler']"
st. weiler,"['rottweiler', 'saint bernard']"
staffie bullweiler,"['staffordshire bull terrier', 'rottweiler']"
staffy bull pei,"['staffordshire bull terrier', 'shar pei']"
staffy bull pit,"['staffordshire bull terrier', 'pit bull terrier']"
staffy bull pug,"['staffordshire bull terrier', 'pug']"
staffy bull wolfhound,"['staffordshire bull terrier', 'irish wolfhound']"
staffy heeler,"['american staffordshire terrier', 'australian cattle dog']"
staffy pit,"['american staffordshire terrier', 'pit bull terrier']"
standard auss-tzu,"['australian shepherd', 'shih tzu']"
standard bolonauzer,"['bolognese', 'standard schnauzer']"
standard border schnollie,"['border collie', 'standard schnauzer']"
standard chesa-poo,"['chesapeake bay retriever', 'standard poodle']"
standard gordondoodle,"['gordon setter', 'standard poodle']"
standard irish wolf schnauzer,"['standard schnauzer', 'irish wolfhound']"
standard kerry blue schnauzer,"['kerry blue terrier', 'standard schnauzer']"
standard ratzer,"['standard schnauzer', 'rat terrier']"
standard schnauzer chin,"['japanese chin', 'standard schnauzer']"
standard schnoodle,"['poodle', 'standard schnauzer']"
standard siberian schusky,"['standard schnauzer', 'siberian husky']"
standard wauzer,"['westie', 'standard schnauzer']"
standard wire hair snauzer,"['standard schnauzer', 'wire fox terrier']"
stump double cattle dog,"['australian stumpy tail cattle dog', 'australian cattle dog']"
swiss bernese mt. dog,"['bernese mountain dog', 'greater swiss mountain dog']"
swiss newfie,"['greater swiss mountain dog', 'newfoundland']"
swissy saint,"['greater swiss mountain dog', 'saint bernard']"
swissneese,"['great swiss mountain dog', 'great pyrenees']"
taco terrier,"['chihuahua', 'toy fox terrier']"
taylor's bulldane,"['old tyme bulldog', 'great dane']"
terri-poo,"['australian terrier', 'poodle']"
tervard,"['belgian tervuren', 'german shepherd']"
tervoodle,"['belgian tervuren', 'poodle']"
texas heeler,"['australian cattle dog', 'australian shepherd dog']"
thai boxridge,"['thai ridgeback', 'boxer']"
tibalier,"['cavalier king charles spaniel', 'tibetan spaniel']"
tibecot,"['coton de tulear', 'tibetan terrier']"
tibepillon terrier,"['papillon', 'tibetan terrier']"
tibetan chin,"['tibetan spaniel', 'japanese chin']"
tibetan golden mastiff,"['tibetan mastiff', 'golden retriever']"
tibetan pap,"['tibetan spaniel', 'papillon']"
tibetan pom,"['pomeranian', 'tibetan spaniel']"
tibetan pug,"['pug', 'tibetan spaniel']"
tibetan spaltese,"['maltese', 'tibetan spaniel']"
tibetan wolfhound,"['tibetan mastiff', 'irish wolfhound']"
tibetanpei spaniel,"['tibetan spaniel', 'chinese shar-pei']"
tibetan staffy spaniel,"['tibetan spaniel', 'american staffordshire terrier']"
toller pit,"['nova scotia duck tolling retriever', 'pit bull terrier']"
torkie,"['toy fox terrier', 'yorkie']"
tosa-pei,"['tosa', 'shar pei']"
toxirn,"['cairn terrier', 'chihuahua']"
toy chisoxy,"['toy fox terrier', 'chihuahua']"
toy fo-chon,"['bichon frise', 'toy fox terrier']"
toy fo-tzu,"['shih tzu', 'toy fox terrier']"
toy foodle,"['poodle', 'toy fox terrier']"
toy fox beagle,"['toy fox terrier', 'beagle']"
toy fox pinscher,"['miniature pinscher', 'toy fox terrier']"
toy foxie doxie,"['toy fox terrier', 'dachshund']"
toy foxillon,"['papillon', 'toy fox terrier']"
toy foxingese,"['pekingese', 'toy fox terrier']"
toy foxker,"['cocker spaniel', 'toy fox terrier']"
toy foxton,"['boston terrier', 'toy fox terrier']"
toy foxy rat terrier,"['american rat terrier', 'toy fox terrier']"
toy foxy russell,"['jack russell terrier', 'toy fox terrier']"
toy foxybull terrier,"['toy fox terrier', 'bulldog']"
toy gordondoodle,"['gordon setter', 'toy poodle']"
toy jafox,"['japanese chin', 'toy fox terrier']"
toy pom terrier,"['pomeranian', 'toy fox terrier']"
toy poxer,"['pug', 'toy fox terrier']"
toy rat doxie,"['dachshund', 'american rat terrier']"
toy scottish fox terrier,"['scottish terrier', 'toy fox terrier']"
toy torkie,"['toy fox terrier', 'yorkie']"
transylvizsla hound,"['transylvanian hound', 'vizsla']"
treeing walker coonoodle,"['treeing walker coonhound', 'poodle']"
tsvetnaya blonka-poo,"['poodle', 'russian tsvetnaya bolonka']"
ttoodle,"['poodle', 'tibetan terrier']"
tzu basset,"['basset hound', 'shih tzu']"
ultimate mastiff,"['dogue de bordeaux', 'neapolitan mastiff']"
vizmaraner,"['vizsla', 'weimaraner']"
vizsla pin,"['vizsla', 'miniature pinscher']"
vizsla staff,"['vizsla', 'american staffordshire terrier']"
walker beagle,"['treeing walker coonhound', 'beagle']"
walker greyhound,"['treeing walker coonhound', 'greyhound']"
wauzer,"['westie', 'schnauzer']"
wee-chon,"['westie', 'bichon frise']"
weeranian,"['westie', 'pomeranian']"
weiler dane,"['rottweiler', 'great dane']"
weim-pei,"['weimaraner', 'shar pei']"
weimapeake,"['weimaraner', 'chesapeake bay retriever']"
weimardale,"['weimaraner', 'airdale terrier']"
weimardoodle,"['weimaraner', 'poodle']"
weimarman,"['weimaraner', 'doberman pinscher']"
weimarrott,"['weimaraner', 'rottweiler']"
weimshepherd,"['weimaraner', 'german shepherd']"
wel-chon,"['bichon frise', 'welsh terrier']"
welsh mini fox terrier,"['welsh terrier', 'mini fox terrier']"
welsh smooth fox terrier,"['welsh terrier', 'smooth fox terrier']"
welsh toy fox terrier,"['welsh terrier', 'toy fox terrier']"
welsh wire fox terrier,"['welsh terrier', 'wire fox terrier']"
welshund,"['welsh terrier', 'dachshund']"
weltador,"['labrador retriever', 'welsh terrier']"
weshi,"['shih tzu', 'westie']"
west australian terrier,"['australian terrier', 'west highland white terrier']"
west highland corgi,"['west highland white terrier westie', 'corgi']"
west highland doxie,"['dachshund', 'west highland white terrier']"
west highland husky,"['siberian husky', 'west highland white terrier']"
west of argyll terrier,"['beagle', 'west highland white terrier']"
westeke,"['west highland white terrier', 'schipperke']"
westie-laso,"['lhasa apso', 'west highland white terrier']"
westie staff,"['west highland white terrier', 'american staffordshire terrier']"
westiepoo,"['westie', 'poodle']"
westillon,"['westie', 'papillon']"
westimo,"['american eskimo', 'west highland white terrier']"
weston,"['west highland white terrier', 'coton de tulear']"
wheagle,"['soft coated wheaten terrier', 'beagle']"
wheatador,"['soft coated wheaten terrier', 'labrador retriever']"
wheaten eskimo,"['american eskimo', 'soft coated wheaten terrier']"
wheaten pei,"['soft coated wheaten terrier', 'shar pei']"
whipador,"['whippet', 'labrador retriever']"
whipperman,"['whippet', 'doberman pinscher']"
whippet greyhound,"['whippet', 'greyhound']"
whippet shepherd,"['whippet', 'german shepherd']"
whoodle,"['soft coated wheaten terrier', 'poodle']"
wire chisoxy,"['wire fox terrier', 'chihuahua']"
wire fo-chon,"['bichon frise', 'wire fox terrier']"
wire fo-tzu,"['shih tzu', 'wire fox terrier']"
wire foodle,"['poodle', 'wire fox terrier']"
wire fox beagle,"['wire fox terrier', 'beagle']"
wire fox pinscher,"['wire fox terrier', 'miniature pinscher']"
wire foxie doxie,"['wire fox terrier', 'dachshund']"
wire foxingese,"['pekingese', 'wire fox terrier']"
wire foxker,"['cocker spaniel', 'wire fox terrier']"
wire foxton,"['boston terrier', 'wire fox terrier']"
wire foxy rat terrier,"['american rat terrier', 'wire fox terrier']"
wire foxy russell,"['jack russell terrier', 'wire fox terrier']"
wire foxybull terrier,"['wire fox terrier', 'bulldog']"
wire hair snauzer,"['miniature schnauzer', 'wire fox terrier']"
wire jafox,"['japanese chin', 'wire fox terrier']"
wire toy foxter,"['toy fox terrier', 'wire fox terrier']"
wire pom terrier,"['pomeranian', 'wire fox terrier']"
wire poxer,"['pug', 'wire fox terrier']"
wire-poo,"['wirehaired fox terrier', 'poodle']"
wire scottish fox terrier,"['scottish terrier', 'wire fox terrier']"
wire  torkie,"['wire fox terrier', 'yorkie']"
wirehaired pointing griffiondor,"['wirehaired pointing griffon', 'labrador retriever']"
wirelsh terrier,"['welsh terrier', 'wire fox terrier']"
wolador,"['timber wolf', 'labrador retriever']"
wolamute,"['timber wolf', 'alaskan malamute']"
wolfdog,"['wolf', 'domestic dog']"
wolfhound dane,"['irish wolfhound', 'great dane']"
woodle,"['welsh terrier', 'poodle']"
worgi,"['welsh sheepdog', 'corgi']"
wowauzer,"['miniature schnauzer', 'welsh terrier']"
yoranian,"['pomeranian', 'yorkshire terrier']"
yorkeltie,"['yorkshire terrier', 'shetland sheepdog sheltie']"
yorkie-apso,"['lhasa apso', 'yorkshire terrier']"
yorkie beagle,"['yorkshire terrier', 'beagle']"
yorkie pin,"['miniature pinscher', 'yorkshire terrier']"
yorkie russell,"['yorkshire terrier', 'jack russell terrier']"
yorkie-ton,"['coton de tulear', 'yorkshire terrier']"
yorkillon,"['papillon', 'yorkshire terrier']"
yorkipoo,"['yorkie', 'poodle']"
yorkinese,"['pekingese', 'yorkie']"
yorksky,"['siberian husky', 'yorkshire terrier']"
yorktese,"['yorkshire terrier', 'maltese']"
yorwich,"['yorkshire terrier', 'norwich terrier']"
zuchon,"['bichon frise', 'shih tzu']"
aussie-corgi,"['australian shepherd', 'pembroke welch corgi']"
aussie-corgi,"['miniature australian shepherd', 'pembroke welch corgi']"
aussie pom,"['australian shepherd', 'pomeranian']"
aussie pom,"['toy australian shepherd', 'pomeranian']"
aussie pom,"['mini australian shepherd', 'pomeranian']"
austi-pap,"['australian shepherd', 'papillon']"
austi-pap,"['miniature australian shepherd', 'papillon']"
austi-pap,"['toy australian shepherd', 'papillon']"
beagi,"['beagle', 'pembroke']"
beagi,"['beagle', 'cardigan welsh corgi']"
bully pitsky,"['american bully', 'siberian husky']"
bully pitsky,"['american bully', 'alaskan husky']"
cotralian,"['cocker spaniel', 'australian shepherd']"
cotralian,"['cocker spaniel', 'toy australian shepherd']"
cotralian,"['cocker spaniel', 'miniature australian shepherd']"
english cotralian,"['english cocker spaniel', 'australian shepherd']"
english cotralian,"['english cocker spaniel', 'toy australian shepherd']"
english cotralian,"['english cocker spaniel', 'miniature australian shepherd']"
labradoodle miniature,"['labrador retriever', 'miniature poodle']"
labradoodle miniature,"['labrador retriever', 'toy poodle']"
miniature goldendoodle,"['golden retriever', 'miniature poodle']"
miniature goldendoodle,"['golden retriever', 'toy poodle']"
miniature labradoodle,"['labrador retriever', 'miniature poodle']"
miniature labradoodle,"['labrador retriever', 'toy poodle']"
old anglican bulldogge,"['american pit bull terrier', 'bulldog']"
old anglican bulldogge,"['american staffordshire terrier', 'bulldog']"
pitsky,"['american pitbull terrier', 'alaskan husky']"
pitsky,"['american pitbull terrier', 'siberian husky']"
shel-aussie,"['australian shepherd', 'shetland sheepdog']"
shel-aussie,"['miniature australian shepherd', 'shetland sheepdog']"
sibercaan,"['siberian husky', 'canaan dog']"
sibercaan,"['native american indian dog', 'canaan dog']"
labrabull,"['labrador retriever', 'pit bull']"
